{
    "items": [
        {
            "items": [
                {
                    "value": 0,
                    "$type": "kOS.Safe.Encapsulation.ScalarIntValue"
                },
                {
                    "value": 1,
                    "$type": "kOS.Safe.Encapsulation.ScalarIntValue"
                },
                {
                    "value": 3,
                    "$type": "kOS.Safe.Encapsulation.ScalarIntValue"
                },
                {
                    "value": 2,
                    "$type": "kOS.Safe.Encapsulation.ScalarIntValue"
                }
            ],
            "$type": "kOS.Safe.Encapsulation.ListValue"
        },
        {
            "items": [
                {
                    "value": 141015.90470638272,
                    "$type": "kOS.Safe.Encapsulation.ScalarDoubleValue"
                },
                {
                    "value": 0,
                    "$type": "kOS.Safe.Encapsulation.ScalarIntValue"
                },
                {
                    "value": 100.27993011474609,
                    "$type": "kOS.Safe.Encapsulation.ScalarDoubleValue"
                },
                {
                    "value": 304.81067717754735,
                    "$type": "kOS.Safe.Encapsulation.ScalarDoubleValue"
                }
            ],
            "$type": "kOS.Safe.Encapsulation.ListValue"
        },
        {
            "items": [
                {
                    "value": 141017.54470638186,
                    "$type": "kOS.Safe.Encapsulation.ScalarDoubleValue"
                },
                {
                    "value": 0,
                    "$type": "kOS.Safe.Encapsulation.ScalarIntValue"
                },
                {
                    "value": 100.27993011474609,
                    "$type": "kOS.Safe.Encapsulation.ScalarDoubleValue"
                },
                {
                    "value": 304.80928898526594,
                    "$type": "kOS.Safe.Encapsulation.ScalarDoubleValue"
                }
            ],
            "$type": "kOS.Safe.Encapsulation.ListValue"
        },
        {
            "items": [
                {
                    "value": 141017.90470638167,
                    "$type": "kOS.Safe.Encapsulation.ScalarDoubleValue"
                },
                {
                    "value": 0,
                    "$type": "kOS.Safe.Encapsulation.ScalarIntValue"
                },
                {
                    "value": 100.27993011474609,
                    "$type": "kOS.Safe.Encapsulation.ScalarDoubleValue"
                },
                {
                    "value": 304.80898435204381,
                    "$type": "kOS.Safe.Encapsulation.ScalarDoubleValue"
                }
            ],
            "$type": "kOS.Safe.Encapsulation.ListValue"
        },
        {
            "items": [
                {
                    "value": 141018.24470638149,
                    "$type": "kOS.Safe.Encapsulation.ScalarDoubleValue"
                },
                {
                    "value": 0,
                    "$type": "kOS.Safe.Encapsulation.ScalarIntValue"
                },
                {
                    "value": 100.27993011474609,
                    "$type": "kOS.Safe.Encapsulation.ScalarDoubleValue"
                },
                {
                    "value": 304.80869667357126,
                    "$type": "kOS.Safe.Encapsulation.ScalarDoubleValue"
                }
            ],
            "$type": "kOS.Safe.Encapsulation.ListValue"
        },
        {
            "items": [
                {
                    "value": 141018.64470638128,
                    "$type": "kOS.Safe.Encapsulation.ScalarDoubleValue"
                },
                {
                    "value": 0,
                    "$type": "kOS.Safe.Encapsulation.ScalarIntValue"
                },
                {
                    "value": 100.27993011474609,
                    "$type": "kOS.Safe.Encapsulation.ScalarDoubleValue"
                },
                {
                    "value": 304.80835826594904,
                    "$type": "kOS.Safe.Encapsulation.ScalarDoubleValue"
                }
            ],
            "$type": "kOS.Safe.Encapsulation.ListValue"
        },
        {
            "items": [
                {
                    "value": 141019.02470638108,
                    "$type": "kOS.Safe.Encapsulation.ScalarDoubleValue"
                },
                {
                    "value": 0,
                    "$type": "kOS.Safe.Encapsulation.ScalarIntValue"
                },
                {
                    "value": 100.27993011474609,
                    "$type": "kOS.Safe.Encapsulation.ScalarDoubleValue"
                },
                {
                    "value": 304.80803680963379,
                    "$type": "kOS.Safe.Encapsulation.ScalarDoubleValue"
                }
            ],
            "$type": "kOS.Safe.Encapsulation.ListValue"
        }
    ],
    "$type": "kOS.Safe.Encapsulation.ListValue"
}