{
    "items": [
        {
            "items": [
                {
                    "value": "PMR",
                    "$type": "kOS.Safe.Encapsulation.StringValue"
                },
                {
                    "value": "TPM",
                    "$type": "kOS.Safe.Encapsulation.StringValue"
                },
                {
                    "value": "TPMHG",
                    "$type": "kOS.Safe.Encapsulation.StringValue"
                },
                {
                    "value": "DHIGI",
                    "$type": "kOS.Safe.Encapsulation.StringValue"
                },
                {
                    "value": "II",
                    "$type": "kOS.Safe.Encapsulation.StringValue"
                },
                {
                    "value": "AFL",
                    "$type": "kOS.Safe.Encapsulation.StringValue"
                },
                {
                    "value": "WTWTWTWTW",
                    "$type": "kOS.Safe.Encapsulation.StringValue"
                }
            ],
            "$type": "kOS.Safe.Encapsulation.ListValue"
        },
        {
            "items": [
                {
                    "value": "Time: 178279.56372257",
                    "$type": "kOS.Safe.Encapsulation.StringValue"
                },
                {
                    "value": "GHI",
                    "$type": "kOS.Safe.Encapsulation.StringValue"
                },
                {
                    "value": "DDJBCA",
                    "$type": "kOS.Safe.Encapsulation.StringValue"
                }
            ],
            "$type": "kOS.Safe.Encapsulation.ListValue"
        },
        {
            "items": [
                {
                    "value": "Time: 179353.283722008",
                    "$type": "kOS.Safe.Encapsulation.StringValue"
                },
                {
                    "value": "Place: BODY(\"Kerbin\")",
                    "$type": "kOS.Safe.Encapsulation.StringValue"
                },
                {
                    "value": "CANE",
                    "$type": "kOS.Safe.Encapsulation.StringValue"
                },
                {
                    "value": "GATTO",
                    "$type": "kOS.Safe.Encapsulation.StringValue"
                },
                {
                    "value": "VOLPE",
                    "$type": "kOS.Safe.Encapsulation.StringValue"
                }
            ],
            "$type": "kOS.Safe.Encapsulation.ListValue"
        },
        {
            "items": [
                {
                    "value": "Time: 180025.243721656",
                    "$type": "kOS.Safe.Encapsulation.StringValue"
                },
                {
                    "value": "Place: BODY(\"Kerbin\")",
                    "$type": "kOS.Safe.Encapsulation.StringValue"
                },
                {
                    "value": "G",
                    "$type": "kOS.Safe.Encapsulation.StringValue"
                }
            ],
            "$type": "kOS.Safe.Encapsulation.ListValue"
        },
        {
            "items": [
                {
                    "value": "Time: 182149.063720543",
                    "$type": "kOS.Safe.Encapsulation.StringValue"
                },
                {
                    "value": "Place: BODY(\"Kerbin\")",
                    "$type": "kOS.Safe.Encapsulation.StringValue"
                },
                {
                    "value": "GHHG",
                    "$type": "kOS.Safe.Encapsulation.StringValue"
                },
                {
                    "value": "DHel31G",
                    "$type": "kOS.Safe.Encapsulation.StringValue"
                }
            ],
            "$type": "kOS.Safe.Encapsulation.ListValue"
        },
        {
            "items": [
                {
                    "value": "Time: 189145.903716878",
                    "$type": "kOS.Safe.Encapsulation.StringValue"
                },
                {
                    "value": "Place: BODY(\"Kerbin\")",
                    "$type": "kOS.Safe.Encapsulation.StringValue"
                },
                {
                    "value": "AFI",
                    "$type": "kOS.Safe.Encapsulation.StringValue"
                }
            ],
            "$type": "kOS.Safe.Encapsulation.ListValue"
        },
        {
            "items": [
                {
                    "value": "Time: 189441.303716723",
                    "$type": "kOS.Safe.Encapsulation.StringValue"
                },
                {
                    "value": "Place: BODY(\"Kerbin\")",
                    "$type": "kOS.Safe.Encapsulation.StringValue"
                },
                {
                    "value": "Calamom",
                    "$type": "kOS.Safe.Encapsulation.StringValue"
                },
                {
                    "value": "",
                    "$type": "kOS.Safe.Encapsulation.StringValue"
                }
            ],
            "$type": "kOS.Safe.Encapsulation.ListValue"
        },
        {
            "items": [
                {
                    "value": "Time: 189585.863716647",
                    "$type": "kOS.Safe.Encapsulation.StringValue"
                },
                {
                    "value": "Place: BODY(\"Kerbin\")",
                    "$type": "kOS.Safe.Encapsulation.StringValue"
                },
                {
                    "value": "Delfino",
                    "$type": "kOS.Safe.Encapsulation.StringValue"
                },
                {
                    "value": "81",
                    "$type": "kOS.Safe.Encapsulation.StringValue"
                }
            ],
            "$type": "kOS.Safe.Encapsulation.ListValue"
        },
        {
            "items": [
                {
                    "value": "Time: 253623.8836831",
                    "$type": "kOS.Safe.Encapsulation.StringValue"
                },
                {
                    "value": "Place: BODY(\"Kerbin\")",
                    "$type": "kOS.Safe.Encapsulation.StringValue"
                },
                {
                    "value": "M",
                    "$type": "kOS.Safe.Encapsulation.StringValue"
                }
            ],
            "$type": "kOS.Safe.Encapsulation.ListValue"
        },
        {
            "items": [
                {
                    "value": "Time: Year 1 Day 4 10:53:32",
                    "$type": "kOS.Safe.Encapsulation.StringValue"
                },
                {
                    "value": "Place: BODY(\"Kerbin\")",
                    "$type": "kOS.Safe.Encapsulation.StringValue"
                },
                {
                    "value": "Ciao",
                    "$type": "kOS.Safe.Encapsulation.StringValue"
                }
            ],
            "$type": "kOS.Safe.Encapsulation.ListValue"
        },
        {
            "items": [
                {
                    "value": "Time: Year 1 Day 4 17:40:53",
                    "$type": "kOS.Safe.Encapsulation.StringValue"
                },
                {
                    "value": "Place: BODY(\"Kerbin\")",
                    "$type": "kOS.Safe.Encapsulation.StringValue"
                },
                {
                    "value": "ADcf",
                    "$type": "kOS.Safe.Encapsulation.StringValue"
                },
                {
                    "value": "",
                    "$type": "kOS.Safe.Encapsulation.StringValue"
                },
                {
                    "value": "",
                    "$type": "kOS.Safe.Encapsulation.StringValue"
                }
            ],
            "$type": "kOS.Safe.Encapsulation.ListValue"
        },
        {
            "items": [
                {
                    "value": "Time: Year 1 Day 5 01:31:51",
                    "$type": "kOS.Safe.Encapsulation.StringValue"
                },
                {
                    "value": "Place: BODY(\"Kerbin\")",
                    "$type": "kOS.Safe.Encapsulation.StringValue"
                },
                {
                    "value": "",
                    "$type": "kOS.Safe.Encapsulation.StringValue"
                }
            ],
            "$type": "kOS.Safe.Encapsulation.ListValue"
        }
    ],
    "$type": "kOS.Safe.Encapsulation.ListValue"
}